{
  "version": 1,
  "author": "Anonymous maker",
  "editor": "wokwi",
  "parts": [
    { "type": "wokwi-breadboard-mini", "id": "bb1", "top": -164.6, "left": 16.8, "attrs": {} },
    { "type": "wokwi-arduino-uno", "id": "uno", "top": -18.6, "left": -58.2, "attrs": {} },
    {
      "type": "wokwi-pushbutton",
      "id": "btn1",
      "top": -134.5,
      "left": 137.9,
      "rotate": 90,
      "attrs": { "color": "green", "bounce": "0" }
    },
    {
      "type": "wokwi-led",
      "id": "led1",
      "top": -186,
      "left": 23.4,
      "attrs": { "color": "blue", "flip": "" }
    },
    {
      "type": "wokwi-resistor",
      "id": "r1",
      "top": -110.4,
      "left": 18.65,
      "rotate": 90,
      "attrs": { "value": "1000" }
    },
    {
      "type": "wokwi-lcd2004",
      "id": "lcd1",
      "top": -166.4,
      "left": 284,
      "attrs": { "pins": "i2c", "background": "blue", "color": "white" }
    }
  ],
  "connections": [
    [ "uno:GND.1", "bb1:2t.e", "black", [ "v-28.8", "h-18.9" ] ],
    [ "bb1:17b.j", "uno:2", "green", [ "v0" ] ],
    [ "bb1:15b.i", "uno:GND.1", "green", [ "v28.8", "h-105.6", "v0" ] ],
    [ "r1:2", "uno:7", "green", [ "h0" ] ],
    [ "lcd1:GND", "bb1:2t.e", "black", [ "h-57.6", "v-57.6", "h-211.2" ] ],
    [ "lcd1:VCC", "uno:5V", "red", [ "h-28.8", "v336.1", "h-163.2" ] ],
    [ "lcd1:SDA", "uno:A4", "green", [ "h-57.6", "v317", "h-38.4" ] ],
    [ "lcd1:SCL", "uno:A5", "green", [ "h-48", "v297.9", "h-38.4" ] ],
    [ "bb1:11t.c", "bb1:7t.c", "green", [ "v0" ] ],
    [ "led1:A", "bb1:3t.b", "", [ "$bb" ] ],
    [ "led1:C", "bb1:2t.b", "", [ "$bb" ] ],
    [ "r1:1", "bb1:3t.c", "", [ "$bb" ] ],
    [ "r1:2", "bb1:3b.g", "", [ "$bb" ] ],
    [ "btn1:1.l", "bb1:17t.b", "", [ "$bb" ] ],
    [ "btn1:2.l", "bb1:15t.b", "", [ "$bb" ] ],
    [ "btn1:1.r", "bb1:17b.g", "", [ "$bb" ] ],
    [ "btn1:2.r", "bb1:15b.g", "", [ "$bb" ] ]
  ],
  "dependencies": {}
}