{
  "version": 1,
  "author": "Anonymous maker",
  "editor": "wokwi",
  "parts": [
    { "type": "wokwi-breadboard-mini", "id": "bb1", "top": -164.6, "left": 16.8, "attrs": {} },
    { "type": "wokwi-arduino-uno", "id": "uno", "top": -18.6, "left": -58.2, "attrs": {} },
    {
      "type": "wokwi-pushbutton",
      "id": "btn1",
      "top": -134.5,
      "left": 137.9,
      "rotate": 90,
      "attrs": { "color": "green", "bounce": "1" }
    },
    {
      "type": "wokwi-led",
      "id": "led1",
      "top": -186,
      "left": 23.4,
      "attrs": { "color": "blue", "flip": "" }
    },
    {
      "type": "wokwi-resistor",
      "id": "r1",
      "top": -110.4,
      "left": 18.65,
      "rotate": 90,
      "attrs": { "value": "1000" }
    }
  ],
  "connections": [
    [ "uno:GND.1", "bb1:2t.e", "black", [ "v-28.8", "h-18.9" ] ],
    [ "bb1:17b.j", "uno:2", "green", [ "v0" ] ],
    [ "bb1:15b.i", "uno:GND.1", "green", [ "v28.8", "h-105.6", "v0" ] ],
    [ "led1:A", "bb1:3t.b", "", [ "$bb" ] ],
    [ "led1:C", "bb1:2t.b", "", [ "$bb" ] ],
    [ "r1:1", "bb1:3t.c", "", [ "$bb" ] ],
    [ "r1:2", "bb1:3b.g", "", [ "$bb" ] ],
    [ "r1:2", "uno:7", "green", [ "h0" ] ],
    [ "btn1:1.l", "bb1:17t.b", "", [ "$bb" ] ],
    [ "btn1:2.l", "bb1:15t.b", "", [ "$bb" ] ],
    [ "btn1:1.r", "bb1:17b.g", "", [ "$bb" ] ],
    [ "btn1:2.r", "bb1:15b.g", "", [ "$bb" ] ]
  ],
  "dependencies": {}
}